﻿<?xml version="1.0" encoding="utf-8"?>
<doc>
  <assembly>
    <name>System.Web.WebPages.Razor</name>
  </assembly>
  <members>
    <member name="T:System.Web.WebPages.Razor.PreApplicationStartCode"></member>
    <member name="M:System.Web.WebPages.Razor.PreApplicationStartCode.Start"></member>
    <member name="T:System.Web.WebPages.Razor.RazorBuildProvider"></member>
    <member name="M:System.Web.WebPages.Razor.RazorBuildProvider.#ctor"></member>
    <member name="M:System.Web.WebPages.Razor.RazorBuildProvider.AddVirtualPathDependency(System.String)"></member>
    <member name="P:System.Web.WebPages.Razor.RazorBuildProvider.AssemblyBuilder"></member>
    <member name="P:System.Web.WebPages.Razor.RazorBuildProvider.CodeCompilerType"></member>
    <member name="E:System.Web.WebPages.Razor.RazorBuildProvider.CodeGenerationCompleted"></member>
    <member name="E:System.Web.WebPages.Razor.RazorBuildProvider.CodeGenerationStarted"></member>
    <member name="M:System.Web.WebPages.Razor.RazorBuildProvider.CreateHost"></member>
    <member name="M:System.Web.WebPages.Razor.RazorBuildProvider.GenerateCode(System.Web.Compilation.AssemblyBuilder)"></member>
    <member name="M:System.Web.WebPages.Razor.RazorBuildProvider.GetGeneratedType(System.CodeDom.Compiler.CompilerResults)"></member>
    <member name="M:System.Web.WebPages.Razor.RazorBuildProvider.InternalOpenReader"></member>
    <member name="P:System.Web.WebPages.Razor.RazorBuildProvider.VirtualPath"></member>
    <member name="P:System.Web.WebPages.Razor.RazorBuildProvider.VirtualPathDependencies"></member>
    <member name="T:System.Web.WebPages.Razor.WebCodeRazorHost"></member>
    <member name="M:System.Web.WebPages.Razor.WebCodeRazorHost.#ctor(System.String)"></member>
    <member name="M:System.Web.WebPages.Razor.WebCodeRazorHost.#ctor(System.String,System.String)"></member>
    <member name="M:System.Web.WebPages.Razor.WebCodeRazorHost.GetClassName(System.String)"></member>
    <member name="M:System.Web.WebPages.Razor.WebCodeRazorHost.PostProcessGeneratedCode(System.CodeDom.CodeCompileUnit,System.CodeDom.CodeNamespace,System.CodeDom.CodeTypeDeclaration,System.CodeDom.CodeMemberMethod)"></member>
    <member name="T:System.Web.WebPages.Razor.WebPageRazorHost"></member>
    <member name="M:System.Web.WebPages.Razor.WebPageRazorHost.#ctor(System.String)"></member>
    <member name="M:System.Web.WebPages.Razor.WebPageRazorHost.#ctor(System.String,System.String)"></member>
    <member name="M:System.Web.WebPages.Razor.WebPageRazorHost.AddGlobalImport(System.String)"></member>
    <member name="P:System.Web.WebPages.Razor.WebPageRazorHost.CodeLanguage"></member>
    <member name="M:System.Web.WebPages.Razor.WebPageRazorHost.CreateMarkupParser"></member>
    <member name="P:System.Web.WebPages.Razor.WebPageRazorHost.DefaultBaseClass"></member>
    <member name="P:System.Web.WebPages.Razor.WebPageRazorHost.DefaultClassName"></member>
    <member name="P:System.Web.WebPages.Razor.WebPageRazorHost.DefaultDebugCompilation"></member>
    <member name="P:System.Web.WebPages.Razor.WebPageRazorHost.DefaultPageBaseClass"></member>
    <member name="M:System.Web.WebPages.Razor.WebPageRazorHost.GetClassName(System.String)"></member>
    <member name="M:System.Web.WebPages.Razor.WebPageRazorHost.GetCodeLanguage"></member>
    <member name="M:System.Web.WebPages.Razor.WebPageRazorHost.GetGlobalImports"></member>
    <member name="P:System.Web.WebPages.Razor.WebPageRazorHost.IsSpecialPage"></member>
    <member name="P:System.Web.WebPages.Razor.WebPageRazorHost.PhysicalPath"></member>
    <member name="M:System.Web.WebPages.Razor.WebPageRazorHost.PostProcessGeneratedCode(System.CodeDom.CodeCompileUnit,System.CodeDom.CodeNamespace,System.CodeDom.CodeTypeDeclaration,System.CodeDom.CodeMemberMethod)"></member>
    <member name="M:System.Web.WebPages.Razor.WebPageRazorHost.RegisterSpecialFile(System.String,System.String)"></member>
    <member name="M:System.Web.WebPages.Razor.WebPageRazorHost.RegisterSpecialFile(System.String,System.Type)"></member>
    <member name="P:System.Web.WebPages.Razor.WebPageRazorHost.VirtualPath"></member>
    <member name="T:System.Web.WebPages.Razor.WebRazorHostFactory"></member>
    <member name="M:System.Web.WebPages.Razor.WebRazorHostFactory.#ctor"></member>
    <member name="M:System.Web.WebPages.Razor.WebRazorHostFactory.ApplyConfigurationToHost(System.Web.WebPages.Razor.Configuration.RazorPagesSection,System.Web.WebPages.Razor.WebPageRazorHost)"></member>
    <member name="M:System.Web.WebPages.Razor.WebRazorHostFactory.CreateDefaultHost(System.String)"></member>
    <member name="M:System.Web.WebPages.Razor.WebRazorHostFactory.CreateDefaultHost(System.String,System.String)"></member>
    <member name="M:System.Web.WebPages.Razor.WebRazorHostFactory.CreateHost(System.String,System.String)"></member>
    <member name="M:System.Web.WebPages.Razor.WebRazorHostFactory.CreateHostFromConfig(System.String)"></member>
    <member name="M:System.Web.WebPages.Razor.WebRazorHostFactory.CreateHostFromConfig(System.String,System.String)"></member>
    <member name="M:System.Web.WebPages.Razor.WebRazorHostFactory.CreateHostFromConfig(System.Web.WebPages.Razor.Configuration.RazorWebSectionGroup,System.String)"></member>
    <member name="M:System.Web.WebPages.Razor.WebRazorHostFactory.CreateHostFromConfig(System.Web.WebPages.Razor.Configuration.RazorWebSectionGroup,System.String,System.String)"></member>
    <member name="T:System.Web.WebPages.Razor.Configuration.HostSection"></member>
    <member name="M:System.Web.WebPages.Razor.Configuration.HostSection.#ctor"></member>
    <member name="P:System.Web.WebPages.Razor.Configuration.HostSection.FactoryType"></member>
    <member name="F:System.Web.WebPages.Razor.Configuration.HostSection.SectionName"></member>
    <member name="T:System.Web.WebPages.Razor.Configuration.RazorPagesSection"></member>
    <member name="M:System.Web.WebPages.Razor.Configuration.RazorPagesSection.#ctor"></member>
    <member name="P:System.Web.WebPages.Razor.Configuration.RazorPagesSection.Namespaces"></member>
    <member name="P:System.Web.WebPages.Razor.Configuration.RazorPagesSection.PageBaseType"></member>
    <member name="F:System.Web.WebPages.Razor.Configuration.RazorPagesSection.SectionName"></member>
    <member name="T:System.Web.WebPages.Razor.Configuration.RazorWebSectionGroup"></member>
    <member name="M:System.Web.WebPages.Razor.Configuration.RazorWebSectionGroup.#ctor"></member>
    <member name="F:System.Web.WebPages.Razor.Configuration.RazorWebSectionGroup.GroupName"></member>
    <member name="P:System.Web.WebPages.Razor.Configuration.RazorWebSectionGroup.Host"></member>
    <member name="P:System.Web.WebPages.Razor.Configuration.RazorWebSectionGroup.Pages"></member>
  </members>
</doc>